vision,audition,gait_speed_slower,grip_strength_abnormal,low_physical_activity,memory_complain
Sees moderately,Hears moderately,Yes,No,No,No
Sees moderately,Hears moderately,Yes,No,No,No
Sees moderately,Hears moderately,Yes,No,No,No
Sees moderately,Hears moderately,Yes,No,No,No
Sees well,Hears well,No,No,No,Yes
Sees well,Hears well,No,No,No,Yes
Sees moderately,Hears well,No,Yes,No,No
Sees moderately,Hears well,No,No,No,Yes
Sees well,Hears moderately,No,No,No,No
Sees well,Hears moderately,No,No,No,No
Sees well,Hears well,No,No,No,No
Sees well,Hears well,No,No,No,No
Sees moderately,Hears well,Yes,Yes,No,No
Sees moderately,Hears well,Yes,No,Yes,No
Sees moderately,Hears moderately,Yes,Yes,Yes,No
Sees moderately,Hears moderately,Yes,Yes,Yes,No
Sees well,Hears well,Yes,Yes,No,No
Sees well,Hears well,No,Yes,No,No
Sees moderately,Hears well,Yes,Yes,No,No
Sees moderately,Hears moderately,Yes,Yes,No,No
Sees moderately,Hears well,Yes,No,Yes,No
Sees moderately,Hears moderately,Yes,Yes,No,No
Sees moderately,Hears well,Yes,Yes,No,Yes
Sees moderately,Hears well,Yes,Yes,No,Yes
Sees well,Hears well,No,No,No,No
Sees well,Hears well,No,No,No,No
Sees well,Hears well,No,No,No,No
Sees well,Hears well,No,No,No,No
Sees well,Hears well,No,No,No,Yes
Sees well,Hears well,No,No,No,No
Sees well,Hears well,No,No,No,Yes
Sees well,Hears well,No,No,No,Yes
Sees moderately,Hears well,No,No,No,No
Sees moderately,Hears well,No,No,No,No
Sees moderately,Hears well,No,No,No,No
Sees well,Hears well,No,No,No,No
Sees moderately,Hears well,No,No,No,No
Sees well,Hears well,No,No,No,No
Sees moderately,Hears well,No,No,No,No
Sees moderately,Hears well,Yes,No,No,No
Sees well,Hears well,No,No,No,No
Sees moderately,Hears well,Yes,No,No,No
Sees well,Hears well,Yes,No,No,No
Sees well,Hears well,Yes,No,No,No
Sees well,Hears well,No,No,No,No
Sees well,Hears well,No,No,No,No
Sees well,Hears well,No,No,No,No
Sees well,Hears well,No,No,No,No
Sees poorly,Hears well,Yes,No,No,No
Sees poorly,Hears well,Yes,No,No,No
Sees poorly,Hears well,Yes,Yes,No,No
Sees poorly,Hears well,Yes,Yes,No,No
Sees poorly,Hears well,Yes,Yes,No,No
Sees poorly,Hears well,Yes,Yes,No,Yes
Sees poorly,Hears well,Yes,Yes,No,Yes
Sees poorly,Hears well,Yes,Yes,No,Yes
Sees moderately,Hears well,Yes,Yes,No,No
Sees moderately,Hears well,Yes,Yes,No,No
Sees moderately,Hears moderately,Yes,Yes,Yes,No
Sees moderately,Hears moderately,Yes,No,Yes,No
Sees well,Hears well,Yes,Yes,No,Yes
Sees well,Hears well,No,Yes,Yes,No
Sees well,Hears well,No,No,No,No
Sees well,Hears well,No,No,No,No
Sees well,Hears well,Yes,Yes,No,No
Sees well,Hears well,No,Yes,No,No
Sees well,Hears well,No,Yes,Yes,No
Sees well,Hears well,Yes,Yes,No,No
Sees well,Hears well,No,Yes,No,Yes
Sees well,Hears well,No,Yes,No,No
Sees well,Hears well,No,Yes,No,No
Sees well,Hears moderately,No,Yes,No,No
Sees well,Hears moderately,No,No,No,No
Sees well,Hears moderately,No,No,No,No
Sees well,Hears well,No,No,No,Yes
Sees well,Hears well,No,No,No,No
Sees well,Hears well,No,Yes,No,No
Sees well,Hears well,No,Yes,No,No
Sees well,Hears well,No,No,No,No
Sees well,Hears well,No,No,No,No
Sees well,Hears well,No,No,No,No
Sees well,Hears well,No,Yes,No,No
Sees well,Hears well,Yes,Yes,No,No
Sees well,Hears well,Yes,Yes,No,No
Sees well,Hears well,No,Yes,No,No
Sees well,Hears well,No,Yes,Yes,No
Sees well,Hears well,Yes,No,No,No
Sees well,Hears well,No,No,Yes,Yes
Sees well,Hears well,Yes,Yes,No,No
Sees well,Hears moderately,No,Yes,No,No
Sees well,Hears moderately,No,No,No,No
Sees well,Hears well,No,No,No,No
Sees well,Hears well,Yes,Yes,No,No
Sees well,Hears well,No,Yes,No,No
Sees well,Hears well,No,Yes,No,No
Sees well,Hears well,No,Yes,No,No
Sees moderately,Hears moderately,No,Yes,Yes,Yes
Sees moderately,Hears moderately,No,Yes,Yes,No
Sees moderately,Hears moderately,No,No,No,No
Sees well,Hears well,No,No,No,No
Sees well,Hears well,No,No,No,No
Sees moderately,Hears moderately,No,No,No,No
Sees well,Hears moderately,No,No,No,No
Sees well,Hears well,No,Yes,Yes,No
Sees well,Hears well,No,Yes,Yes,No
Sees well,Hears well,Yes,Yes,No,No
Sees well,Hears well,No,Yes,No,No
Sees well,Hears well,No,Yes,No,No
Sees well,Hears well,No,Yes,No,No
Sees well,Hears well,No,Yes,No,No
Sees well,Hears moderately,Yes,Yes,Yes,No
Sees well,Hears moderately,Yes,Yes,Yes,No
Sees well,Hears moderately,Yes,Yes,Yes,No
